PatchIndex	AzimuthIndex	AltitudeIndex	Azimuth [Deg]	Altitude [Deg]	4 'Floor' [---]	5 'Ceiling' [---]	6 'Wall Nord' [---]	7 'Wall East' [---]	8 'Wall South' [---]	9 'Wall West' [---]	16 'Surface south left' [---]	17 'Surface south right' [---]	18 'Surface south left.Window left' [---]	20 'Surface south right.Window right' [---]
0	0	0	3	3	0	1	1	1	0	0	0	0	0	0
1	1	0	9	3	0	1	1	1	0	0	0	0	0	0
2	2	0	15	3	0	1	1	1	0	0	0	0	0	0
3	3	0	21	3	0	1	1	1	0	0	0	0	0	0
4	4	0	27	3	0	1	1	1	0	0	0	0	0	0
5	5	0	33	3	0	1	1	1	0	0	0	0	0	0
6	6	0	39	3	0	1	1	1	0	0	0	0	0	0
7	7	0	45	3	0	1	1	1	0	0	0	0	0	0
8	8	0	51	3	0	1	1	1	0	0	0	0	0	0
9	9	0	57	3	0	1	1	1	0	0	0	0	0	0
10	10	0	63	3	0	1	1	1	0	0	0	0	0	0
11	11	0	69	3	0	1	1	1	0	0	0	0	0	0
12	12	0	75	3	0	1	1	1	0	0	0	0	0	0
13	13	0	81	3	0	1	1	1	0	0	0	0	0	0
14	14	0	87	3	0	1	1	1	0	0	0	0	0	0
15	15	0	93	3	0	1	0	1	0.825068	0	1	1	1	1
16	16	0	99	3	0	1	0	1	0.830988	0	1	1	1	1
17	17	0	105	3	0	1	0	1	0.870619	0	1	1	1	1
18	18	0	111	3	0	1	0	1	0.897975	0	1	1	1	1
19	19	0	117	3	0	1	0	1	0.915601	0	1	1	1	1
20	20	0	123	3	0	1	0	1	0.92753	0	1	1	1	1
21	21	0	129	3	0	1	0	1	0.935959	0	1	1	1	1
22	22	0	135	3	0	1	0	1	0.942097	0	1	1	1	1
23	23	0	141	3	0	1	0	1	0.946647	0	1	1	1	1
24	24	0	147	3	0	1	0	1	0.950039	0	1	1	1	1
25	25	0	153	3	0	1	0	1	0.952546	0	1	1	1	1
26	26	0	159	3	0	1	0	1	0.954342	0	1	1	1	1
27	27	0	165	3	0	1	0	1	0.955543	0	1	1	1	1
28	28	0	171	3	0	1	0	1	0.95622	0	1	1	1	1
29	29	0	177	3	0	1	0	1	0.95641	0	1	1	1	1
30	30	0	183	3	0	1	0	0	0.95641	1	1	1	1	1
31	31	0	189	3	0	1	0	0	0.95622	1	1	1	1	1
32	32	0	195	3	0	1	0	0	0.955543	1	1	1	1	1
33	33	0	201	3	0	1	0	0	0.954342	1	1	1	1	1
34	34	0	207	3	0	1	0	0	0.952546	1	1	1	1	1
35	35	0	213	3	0	1	0	0	0.950039	1	1	1	1	1
36	36	0	219	3	0	1	0	0	0.946647	1	1	1	1	1
37	37	0	225	3	0	1	0	0	0.942097	1	1	1	1	1
38	38	0	231	3	0	1	0	0	0.935959	1	1	1	1	1
39	39	0	237	3	0	1	0	0	0.92753	1	1	1	1	1
40	40	0	243	3	0	1	0	0	0.915601	1	1	1	1	1
41	41	0	249	3	0	1	0	0	0.897975	1	1	1	1	1
42	42	0	255	3	0	1	0	0	0.870619	1	1	1	1	1
43	43	0	261	3	0	1	0	0	0.830988	1	1	1	1	1
44	44	0	267	3	0	1	0	0	0.825068	1	1	1	1	1
45	45	0	273	3	0	1	1	0	0	1	0	0	0	0
46	46	0	279	3	0	1	1	0	0	1	0	0	0	0
47	47	0	285	3	0	1	1	0	0	1	0	0	0	0
48	48	0	291	3	0	1	1	0	0	1	0	0	0	0
49	49	0	297	3	0	1	1	0	0	1	0	0	0	0
50	50	0	303	3	0	1	1	0	0	1	0	0	0	0
51	51	0	309	3	0	1	1	0	0	1	0	0	0	0
52	52	0	315	3	0	1	1	0	0	1	0	0	0	0
53	53	0	321	3	0	1	1	0	0	1	0	0	0	0
54	54	0	327	3	0	1	1	0	0	1	0	0	0	0
55	55	0	333	3	0	1	1	0	0	1	0	0	0	0
56	56	0	339	3	0	1	1	0	0	1	0	0	0	0
57	57	0	345	3	0	1	1	0	0	1	0	0	0	0
58	58	0	351	3	0	1	1	0	0	1	0	0	0	0
59	59	0	357	3	0	1	1	0	0	1	0	0	0	0
60	0	1	3	9	0	1	1	1	0	0	0	0	0	0
61	1	1	9	9	0	1	1	1	0	0	0	0	0	0
62	2	1	15	9	0	1	1	1	0	0	0	0	0	0
63	3	1	21	9	0	1	1	1	0	0	0	0	0	0
64	4	1	27	9	0	1	1	1	0	0	0	0	0	0
65	5	1	33	9	0	1	1	1	0	0	0	0	0	0
66	6	1	39	9	0	1	1	1	0	0	0	0	0	0
67	7	1	45	9	0	1	1	1	0	0	0	0	0	0
68	8	1	51	9	0	1	1	1	0	0	0	0	0	0
69	9	1	57	9	0	1	1	1	0	0	0	0	0	0
70	10	1	63	9	0	1	1	1	0	0	0	0	0	0
71	11	1	69	9	0	1	1	1	0	0	0	0	0	0
72	12	1	75	9	0	1	1	1	0	0	0	0	0	0
73	13	1	81	9	0	1	1	1	0	0	0	0	0	0
74	14	1	87	9	0	1	1	1	0	0	0	0	0	0
75	15	1	93	9	0	1	0	1	0.613453	0	0.609939	0.959838	0.774331	0.998437
76	16	1	99	9	0	1	0	1	0.623108	0	0.626343	0.956189	0.787863	0.998085
77	17	1	105	9	0	1	0	1	0.64571	0	0.677673	0.947863	0.944247	0.997266
78	18	1	111	9	0	1	0	1	0.691666	0	1	1	1	1
79	19	1	117	9	0	1	0	1	0.744935	0	1	1	1	1
80	20	1	123	9	0	1	0	1	0.780985	0	1	1	1	1
81	21	1	129	9	0	1	0	1	0.806458	0	1	1	1	1
82	22	1	135	9	0	1	0	1	0.825008	0	1	1	1	1
83	23	1	141	9	0	1	0	1	0.83876	0	1	1	1	1
84	24	1	147	9	0	1	0	1	0.849011	0	1	1	1	1
85	25	1	153	9	0	1	0	1	0.856585	0	1	1	1	1
86	26	1	159	9	0	1	0	1	0.862015	0	1	1	1	1
87	27	1	165	9	0	1	0	1	0.865645	0	1	1	1	1
88	28	1	171	9	0	1	0	1	0.86769	0	1	1	1	1
89	29	1	177	9	0	1	0	1	0.868265	0	1	1	1	1
90	30	1	183	9	0	1	0	0	0.868265	1	1	1	1	1
91	31	1	189	9	0	1	0	0	0.86769	1	1	1	1	1
92	32	1	195	9	0	1	0	0	0.865645	1	1	1	1	1
93	33	1	201	9	0	1	0	0	0.862015	1	1	1	1	1
94	34	1	207	9	0	1	0	0	0.856585	1	1	1	1	1
95	35	1	213	9	0	1	0	0	0.849011	1	1	1	1	1
96	36	1	219	9	0	1	0	0	0.83876	1	1	1	1	1
97	37	1	225	9	0	1	0	0	0.825008	1	1	1	1	1
98	38	1	231	9	0	1	0	0	0.806458	1	1	1	1	1
99	39	1	237	9	0	1	0	0	0.780985	1	1	1	1	1
100	40	1	243	9	0	1	0	0	0.744935	1	1	1	1	1
101	41	1	249	9	0	1	0	0	0.691666	1	1	1	1	1
102	42	1	255	9	0	1	0	0	0.64571	1	0.947863	0.677673	0.997266	0.944247
103	43	1	261	9	0	1	0	0	0.623108	1	0.956189	0.626343	0.998085	0.787863
104	44	1	267	9	0	1	0	0	0.613453	1	0.959838	0.609939	0.998437	0.774331
105	45	1	273	9	0	1	1	0	0	1	0	0	0	0
106	46	1	279	9	0	1	1	0	0	1	0	0	0	0
107	47	1	285	9	0	1	1	0	0	1	0	0	0	0
108	48	1	291	9	0	1	1	0	0	1	0	0	0	0
109	49	1	297	9	0	1	1	0	0	1	0	0	0	0
110	50	1	303	9	0	1	1	0	0	1	0	0	0	0
111	51	1	309	9	0	1	1	0	0	1	0	0	0	0
112	52	1	315	9	0	1	1	0	0	1	0	0	0	0
113	53	1	321	9	0	1	1	0	0	1	0	0	0	0
114	54	1	327	9	0	1	1	0	0	1	0	0	0	0
115	55	1	333	9	0	1	1	0	0	1	0	0	0	0
116	56	1	339	9	0	1	1	0	0	1	0	0	0	0
117	57	1	345	9	0	1	1	0	0	1	0	0	0	0
118	58	1	351	9	0	1	1	0	0	1	0	0	0	0
119	59	1	357	9	0	1	1	0	0	1	0	0	0	0
120	0	2	3	15	0	1	1	1	0	0	0	0	0	0
121	1	2	9	15	0	1	1	1	0	0	0	0	0	0
122	2	2	15	15	0	1	1	1	0	0	0	0	0	0
123	3	2	21	15	0	1	1	1	0	0	0	0	0	0
124	4	2	27	15	0	1	1	1	0	0	0	0	0	0
125	5	2	33	15	0	1	1	1	0	0	0	0	0	0
126	6	2	39	15	0	1	1	1	0	0	0	0	0	0
127	7	2	45	15	0	1	1	1	0	0	0	0	0	0
128	8	2	51	15	0	1	1	1	0	0	0	0	0	0
129	9	2	57	15	0	1	1	1	0	0	0	0	0	0
130	10	2	63	15	0	1	1	1	0	0	0	0	0	0
131	11	2	69	15	0	1	1	1	0	0	0	0	0	0
132	12	2	75	15	0	1	1	1	0	0	0	0	0	0
133	13	2	81	15	0	1	1	1	0	0	0	0	0	0
134	14	2	87	15	0	1	1	1	0	0	0	0	0	0
135	15	2	93	15	0	1	0	1	0.489882	0	0.477975	0.792211	0.445021	0.940238
136	16	2	99	15	0	1	0	1	0.507206	0	0.506612	0.789328	0.467913	0.938056
137	17	2	105	15	0	1	0	1	0.547413	0	0.592759	0.783345	0.732478	0.933509
138	18	2	111	15	0	1	0	1	0.589998	0	0.65049	0.799545	0.876341	0.945364
139	19	2	117	15	0	1	0	1	0.612536	0	0.681968	0.807467	0.955123	0.97477
140	20	2	123	15	0	1	0	1	0.629477	0	1	1	1	1
141	21	2	129	15	0	1	0	1	0.672572	0	1	1	1	1
142	22	2	135	15	0	1	0	1	0.703955	0	1	1	1	1
143	23	2	141	15	0	1	0	1	0.72722	0	1	1	1	1
144	24	2	147	15	0	1	0	1	0.744562	0	1	1	1	1
145	25	2	153	15	0	1	0	1	0.757375	0	1	1	1	1
146	26	2	159	15	0	1	0	1	0.766561	0	1	1	1	1
147	27	2	165	15	0	1	0	1	0.772704	0	1	1	1	1
148	28	2	171	15	0	1	0	1	0.776163	0	1	1	1	1
149	29	2	177	15	0	1	0	1	0.777135	0	1	1	1	1
150	30	2	183	15	0	1	0	0	0.777135	1	1	1	1	1
151	31	2	189	15	0	1	0	0	0.776163	1	1	1	1	1
152	32	2	195	15	0	1	0	0	0.772704	1	1	1	1	1
153	33	2	201	15	0	1	0	0	0.766561	1	1	1	1	1
154	34	2	207	15	0	1	0	0	0.757375	1	1	1	1	1
155	35	2	213	15	0	1	0	0	0.744562	1	1	1	1	1
156	36	2	219	15	0	1	0	0	0.72722	1	1	1	1	1
157	37	2	225	15	0	1	0	0	0.703955	1	1	1	1	1
158	38	2	231	15	0	1	0	0	0.672572	1	1	1	1	1
159	39	2	237	15	0	1	0	0	0.629477	1	1	1	1	1
160	40	2	243	15	0	1	0	0	0.612536	1	0.807467	0.681968	0.97477	0.955123
161	41	2	249	15	0	1	0	0	0.589998	1	0.799545	0.65049	0.945364	0.876342
162	42	2	255	15	0	1	0	0	0.547413	1	0.783345	0.592759	0.933509	0.732478
163	43	2	261	15	0	1	0	0	0.507206	1	0.789328	0.506612	0.938056	0.467913
164	44	2	267	15	0	1	0	0	0.489882	1	0.792211	0.477975	0.940238	0.445021
165	45	2	273	15	0	1	1	0	0	1	0	0	0	0
166	46	2	279	15	0	1	1	0	0	1	0	0	0	0
167	47	2	285	15	0	1	1	0	0	1	0	0	0	0
168	48	2	291	15	0	1	1	0	0	1	0	0	0	0
169	49	2	297	15	0	1	1	0	0	1	0	0	0	0
170	50	2	303	15	0	1	1	0	0	1	0	0	0	0
171	51	2	309	15	0	1	1	0	0	1	0	0	0	0
172	52	2	315	15	0	1	1	0	0	1	0	0	0	0
173	53	2	321	15	0	1	1	0	0	1	0	0	0	0
174	54	2	327	15	0	1	1	0	0	1	0	0	0	0
175	55	2	333	15	0	1	1	0	0	1	0	0	0	0
176	56	2	339	15	0	1	1	0	0	1	0	0	0	0
177	57	2	345	15	0	1	1	0	0	1	0	0	0	0
178	58	2	351	15	0	1	1	0	0	1	0	0	0	0
179	59	2	357	15	0	1	1	0	0	1	0	0	0	0
180	0	3	3	21	0	1	1	1	0	0	0	0	0	0
181	1	3	9	21	0	1	1	1	0	0	0	0	0	0
182	2	3	15	21	0	1	1	1	0	0	0	0	0	0
183	3	3	21	21	0	1	1	1	0	0	0	0	0	0
184	4	3	27	21	0	1	1	1	0	0	0	0	0	0
185	5	3	33	21	0	1	1	1	0	0	0	0	0	0
186	6	3	39	21	0	1	1	1	0	0	0	0	0	0
187	7	3	45	21	0	1	1	1	0	0	0	0	0	0
188	8	3	51	21	0	1	1	1	0	0	0	0	0	0
189	9	3	57	21	0	1	1	1	0	0	0	0	0	0
190	10	3	63	21	0	1	1	1	0	0	0	0	0	0
191	11	3	69	21	0	1	1	1	0	0	0	0	0	0
192	12	3	75	21	0	1	1	1	0	0	0	0	0	0
193	13	3	81	21	0	1	1	1	0	0	0	0	0	0
194	14	3	87	21	0	1	1	1	0	0	0	0	0	0
195	15	3	93	21	0	1	0	1	0.379209	0	0.277304	0.69517	0.128493	0.845194
196	16	3	99	21	0	1	0	1	0.40522	0	0.379791	0.692477	0.129419	0.84144
197	17	3	105	21	0	1	0	1	0.463598	0	0.503156	0.686871	0.508435	0.833681
198	18	3	111	21	0	1	0	1	0.52576	0	0.585663	0.714478	0.714535	0.848812
199	19	3	117	21	0	1	0	1	0.559567	0	0.630928	0.731608	0.827397	0.8885
200	20	3	123	21	0	1	0	1	0.57978	0	0.659053	0.738676	0.897796	0.925611
201	21	3	129	21	0	1	0	1	0.592512	0	0.677975	0.740452	0.945239	0.956626
202	22	3	135	21	0	1	0	1	0.600621	0	0.691385	0.738023	0.978806	0.98206
203	23	3	141	21	0	1	0	1	0.609215	0	1	1	1	1
204	24	3	147	21	0	1	0	1	0.63406	0	1	1	1	1
205	25	3	153	21	0	1	0	1	0.652416	0	1	1	1	1
206	26	3	159	21	0	1	0	1	0.665575	0	1	1	1	1
207	27	3	165	21	0	1	0	1	0.674375	0	1	1	1	1
208	28	3	171	21	0	1	0	1	0.679332	0	1	1	1	1
209	29	3	177	21	0	1	0	1	0.680724	0	1	1	1	1
210	30	3	183	21	0	1	0	0	0.680724	1	1	1	1	1
211	31	3	189	21	0	1	0	0	0.679332	1	1	1	1	1
212	32	3	195	21	0	1	0	0	0.674375	1	1	1	1	1
213	33	3	201	21	0	1	0	0	0.665575	1	1	1	1	1
214	34	3	207	21	0	1	0	0	0.652416	1	1	1	1	1
215	35	3	213	21	0	1	0	0	0.63406	1	1	1	1	1
216	36	3	219	21	0	1	0	0	0.609215	1	1	1	1	1
217	37	3	225	21	0	1	0	0	0.600621	1	0.738023	0.691385	0.98206	0.978806
218	38	3	231	21	0	1	0	0	0.592512	1	0.740452	0.677975	0.956626	0.945239
219	39	3	237	21	0	1	0	0	0.57978	1	0.738676	0.659053	0.925611	0.897796
220	40	3	243	21	0	1	0	0	0.559567	1	0.731608	0.630928	0.8885	0.827397
221	41	3	249	21	0	1	0	0	0.52576	1	0.714478	0.585663	0.848812	0.714535
222	42	3	255	21	0	1	0	0	0.463598	1	0.686871	0.503156	0.833681	0.508435
223	43	3	261	21	0	1	0	0	0.40522	1	0.692477	0.379791	0.84144	0.129419
224	44	3	267	21	0	1	0	0	0.379209	1	0.69517	0.277304	0.845194	0.128493
225	45	3	273	21	0	1	1	0	0	1	0	0	0	0
226	46	3	279	21	0	1	1	0	0	1	0	0	0	0
227	47	3	285	21	0	1	1	0	0	1	0	0	0	0
228	48	3	291	21	0	1	1	0	0	1	0	0	0	0
229	49	3	297	21	0	1	1	0	0	1	0	0	0	0
230	50	3	303	21	0	1	1	0	0	1	0	0	0	0
231	51	3	309	21	0	1	1	0	0	1	0	0	0	0
232	52	3	315	21	0	1	1	0	0	1	0	0	0	0
233	53	3	321	21	0	1	1	0	0	1	0	0	0	0
234	54	3	327	21	0	1	1	0	0	1	0	0	0	0
235	55	3	333	21	0	1	1	0	0	1	0	0	0	0
236	56	3	339	21	0	1	1	0	0	1	0	0	0	0
237	57	3	345	21	0	1	1	0	0	1	0	0	0	0
238	58	3	351	21	0	1	1	0	0	1	0	0	0	0
239	59	3	357	21	0	1	1	0	0	1	0	0	0	0
240	0	4	3.75	27	0	1	1	1	0	0	0	0	0	0
241	1	4	11.25	27	0	1	1	1	0	0	0	0	0	0
242	2	4	18.75	27	0	1	1	1	0	0	0	0	0	0
243	3	4	26.25	27	0	1	1	1	0	0	0	0	0	0
244	4	4	33.75	27	0	1	1	1	0	0	0	0	0	0
245	5	4	41.25	27	0	1	1	1	0	0	0	0	0	0
246	6	4	48.75	27	0	1	1	1	0	0	0	0	0	0
247	7	4	56.25	27	0	1	1	1	0	0	0	0	0	0
248	8	4	63.75	27	0	1	1	1	0	0	0	0	0	0
249	9	4	71.25	27	0	1	1	1	0	0	0	0	0	0
250	10	4	78.75	27	0	1	1	1	0	0	0	0	0	0
251	11	4	86.25	27	0	1	1	1	0	0	0	0	0	0
252	12	4	93.75	27	0	1	0	1	0.283406	0	0.0596797	0.618857	0.00662915	0.729701
253	13	4	101.25	27	0	1	0	1	0.303999	0	0.0472248	0.614448	0.00418498	0.721323
254	14	4	108.75	27	0	1	0	1	0.43798	0	0.482948	0.634374	0.45741	0.717493
255	15	4	116.25	27	0	1	0	1	0.504375	0	0.569562	0.67296	0.674077	0.777743
256	16	4	123.75	27	0	1	0	1	0.539406	0	0.616383	0.689692	0.791585	0.837186
257	17	4	131.25	27	0	1	0	1	0.559926	0	0.645437	0.696496	0.863795	0.883728
258	18	4	138.75	27	0	1	0	1	0.572417	0	0.664547	0.697004	0.911354	0.919093
259	19	4	146.25	27	0	1	0	1	0.579906	0	0.677567	0.69304	0.943821	0.945816
260	20	4	153.75	27	0	1	0	1	0.583735	0	0.686353	0.686469	0.966176	0.966177
261	21	4	161.25	27	0	1	0	1	0.584913	0	0.69247	0.69247	0.9812	0.9812
262	22	4	168.75	27	0	1	0	1	0.584651	0	0.696128	0.696204	0.990492	0.990491
263	23	4	176.25	27	0	1	0	1	0.582864	0	0.697973	0.697973	0.994938	0.994938
264	24	4	183.75	27	0	1	0	0	0.582864	1	0.697973	0.697973	0.994938	0.994938
265	25	4	191.25	27	0	1	0	0	0.584651	1	0.696204	0.696128	0.990491	0.990492
266	26	4	198.75	27	0	1	0	0	0.584913	1	0.69247	0.69247	0.9812	0.9812
267	27	4	206.25	27	0	1	0	0	0.583735	1	0.686469	0.686353	0.966177	0.966176
268	28	4	213.75	27	0	1	0	0	0.579906	1	0.69304	0.677567	0.945816	0.943821
269	29	4	221.25	27	0	1	0	0	0.572417	1	0.697004	0.664547	0.919093	0.911354
270	30	4	228.75	27	0	1	0	0	0.559926	1	0.696496	0.645437	0.883729	0.863795
271	31	4	236.25	27	0	1	0	0	0.539406	1	0.689692	0.616383	0.837186	0.791585
272	32	4	243.75	27	0	1	0	0	0.504375	1	0.67296	0.569562	0.777743	0.674077
273	33	4	251.25	27	0	1	0	0	0.43798	1	0.634374	0.482948	0.717493	0.45741
274	34	4	258.75	27	0	1	0	0	0.303999	1	0.614448	0.0472248	0.721323	0.00418498
275	35	4	266.25	27	0	1	0	0	0.283406	1	0.618857	0.0596797	0.729702	0.00662915
276	36	4	273.75	27	0	1	1	0	0	1	0	0	0	0
277	37	4	281.25	27	0	1	1	0	0	1	0	0	0	0
278	38	4	288.75	27	0	1	1	0	0	1	0	0	0	0
279	39	4	296.25	27	0	1	1	0	0	1	0	0	0	0
280	40	4	303.75	27	0	1	1	0	0	1	0	0	0	0
281	41	4	311.25	27	0	1	1	0	0	1	0	0	0	0
282	42	4	318.75	27	0	1	1	0	0	1	0	0	0	0
283	43	4	326.25	27	0	1	1	0	0	1	0	0	0	0
284	44	4	333.75	27	0	1	1	0	0	1	0	0	0	0
285	45	4	341.25	27	0	1	1	0	0	1	0	0	0	0
286	46	4	348.75	27	0	1	1	0	0	1	0	0	0	0
287	47	4	356.25	27	0	1	1	0	0	1	0	0	0	0
288	0	5	3.75	33	0	1	1	1	0	0	0	0	0	0
289	1	5	11.25	33	0	1	1	1	0	0	0	0	0	0
290	2	5	18.75	33	0	1	1	1	0	0	0	0	0	0
291	3	5	26.25	33	0	1	1	1	0	0	0	0	0	0
292	4	5	33.75	33	0	1	1	1	0	0	0	0	0	0
293	5	5	41.25	33	0	1	1	1	0	0	0	0	0	0
294	6	5	48.75	33	0	1	1	1	0	0	0	0	0	0
295	7	5	56.25	33	0	1	1	1	0	0	0	0	0	0
296	8	5	63.75	33	0	1	1	1	0	0	0	0	0	0
297	9	5	71.25	33	0	1	1	1	0	0	0	0	0	0
298	10	5	78.75	33	0	1	1	1	0	0	0	0	0	0
299	11	5	86.25	33	0	1	1	1	0	0	0	0	0	0
300	12	5	93.75	33	0	1	0	1	0.211356	0	0	0.549066	0	0.595334
301	13	5	101.25	33	0	1	0	1	0.20826	0	0	0.543886	0	0.584312
302	14	5	108.75	33	0	1	0	1	0.364771	0	0.396077	0.57084	0.239714	0.578751
303	15	5	116.25	33	0	1	0	1	0.450021	0	0.506431	0.622118	0.515864	0.654536
304	16	5	123.75	33	0	1	0	1	0.495489	0	0.566291	0.647043	0.665632	0.728983
305	17	5	131.25	33	0	1	0	1	0.522639	0	0.602864	0.659383	0.757665	0.786704
306	18	5	138.75	33	0	1	0	1	0.539716	0	0.627398	0.664389	0.81828	0.829918
307	19	5	146.25	33	0	1	0	1	0.550243	0	0.643885	0.66331	0.859662	0.862403
308	20	5	153.75	33	0	1	0	1	0.555248	0	0.655457	0.655227	0.888154	0.888154
309	21	5	161.25	33	0	1	0	1	0.55675	0	0.662992	0.662932	0.907302	0.907302
310	22	5	168.75	33	0	1	0	1	0.556416	0	0.667564	0.667652	0.919144	0.919145
311	23	5	176.25	33	0	1	0	1	0.554138	0	0.669885	0.6699	0.924812	0.924812
312	24	5	183.75	33	0	1	0	0	0.554138	1	0.6699	0.669885	0.924812	0.924812
313	25	5	191.25	33	0	1	0	0	0.556416	1	0.667652	0.667564	0.919145	0.919144
314	26	5	198.75	33	0	1	0	0	0.55675	1	0.662932	0.662992	0.907302	0.907302
315	27	5	206.25	33	0	1	0	0	0.555248	1	0.655227	0.655457	0.888154	0.888154
316	28	5	213.75	33	0	1	0	0	0.550243	1	0.66331	0.643885	0.862403	0.859662
317	29	5	221.25	33	0	1	0	0	0.539716	1	0.664389	0.627398	0.829918	0.81828
318	30	5	228.75	33	0	1	0	0	0.522639	1	0.659383	0.602864	0.786704	0.757666
319	31	5	236.25	33	0	1	0	0	0.495489	1	0.647043	0.566291	0.728983	0.665631
320	32	5	243.75	33	0	1	0	0	0.450021	1	0.622118	0.506431	0.654536	0.515863
321	33	5	251.25	33	0	1	0	0	0.364771	1	0.57084	0.396077	0.578751	0.239714
322	34	5	258.75	33	0	1	0	0	0.20826	1	0.543886	0	0.584312	0
323	35	5	266.25	33	0	1	0	0	0.211356	1	0.549066	0	0.595334	0
324	36	5	273.75	33	0	1	1	0	0	1	0	0	0	0
325	37	5	281.25	33	0	1	1	0	0	1	0	0	0	0
326	38	5	288.75	33	0	1	1	0	0	1	0	0	0	0
327	39	5	296.25	33	0	1	1	0	0	1	0	0	0	0
328	40	5	303.75	33	0	1	1	0	0	1	0	0	0	0
329	41	5	311.25	33	0	1	1	0	0	1	0	0	0	0
330	42	5	318.75	33	0	1	1	0	0	1	0	0	0	0
331	43	5	326.25	33	0	1	1	0	0	1	0	0	0	0
332	44	5	333.75	33	0	1	1	0	0	1	0	0	0	0
333	45	5	341.25	33	0	1	1	0	0	1	0	0	0	0
334	46	5	348.75	33	0	1	1	0	0	1	0	0	0	0
335	47	5	356.25	33	0	1	1	0	0	1	0	0	0	0
336	0	6	3.75	39	0	1	1	1	0	0	0	0	0	0
337	1	6	11.25	39	0	1	1	1	0	0	0	0	0	0
338	2	6	18.75	39	0	1	1	1	0	0	0	0	0	0
339	3	6	26.25	39	0	1	1	1	0	0	0	0	0	0
340	4	6	33.75	39	0	1	1	1	0	0	0	0	0	0
341	5	6	41.25	39	0	1	1	1	0	0	0	0	0	0
342	6	6	48.75	39	0	1	1	1	0	0	0	0	0	0
343	7	6	56.25	39	0	1	1	1	0	0	0	0	0	0
344	8	6	63.75	39	0	1	1	1	0	0	0	0	0	0
345	9	6	71.25	39	0	1	1	1	0	0	0	0	0	0
346	10	6	78.75	39	0	1	1	1	0	0	0	0	0	0
347	11	6	86.25	39	0	1	1	1	0	0	0	0	0	0
348	12	6	93.75	39	0	1	0	1	0.18696	0	0	0.469189	0	0.449442
349	13	6	101.25	39	0	1	0	1	0.185542	0	0	0.463346	0	0.438897
350	14	6	108.75	39	0	1	0	1	0.275906	0	0	0.45098	0	0.417986
351	15	6	116.25	39	0	1	0	1	0.389803	0	0.433923	0.572184	0.33447	0.509909
352	16	6	123.75	39	0	1	0	1	0.447083	0	0.508481	0.605482	0.521224	0.601805
353	17	6	131.25	39	0	1	0	1	0.481576	0	0.554428	0.623275	0.635986	0.672756
354	18	6	138.75	39	0	1	0	1	0.503216	0	0.584387	0.630857	0.711571	0.726089
355	19	6	146.25	39	0	1	0	1	0.516347	0	0.605161	0.629538	0.763172	0.766589
356	20	6	153.75	39	0	1	0	1	0.522587	0	0.619299	0.619492	0.798701	0.798701
357	21	6	161.25	39	0	1	0	1	0.524459	0	0.628917	0.629038	0.822577	0.822577
358	22	6	168.75	39	0	1	0	1	0.524044	0	0.634905	0.63494	0.837344	0.837344
359	23	6	176.25	39	0	1	0	1	0.521204	0	0.637655	0.637729	0.844411	0.844411
360	24	6	183.75	39	0	1	0	0	0.521204	1	0.637729	0.637655	0.844411	0.844411
361	25	6	191.25	39	0	1	0	0	0.524044	1	0.63494	0.634905	0.837344	0.837344
362	26	6	198.75	39	0	1	0	0	0.524459	1	0.629038	0.628917	0.822577	0.822577
363	27	6	206.25	39	0	1	0	0	0.522587	1	0.619492	0.619299	0.798701	0.798701
364	28	6	213.75	39	0	1	0	0	0.516347	1	0.629538	0.605161	0.766589	0.763172
365	29	6	221.25	39	0	1	0	0	0.503216	1	0.630857	0.584387	0.726089	0.711571
366	30	6	228.75	39	0	1	0	0	0.481576	1	0.623275	0.554428	0.672756	0.635986
367	31	6	236.25	39	0	1	0	0	0.447083	1	0.605482	0.508481	0.601806	0.521224
368	32	6	243.75	39	0	1	0	0	0.389803	1	0.572184	0.433923	0.509909	0.33447
369	33	6	251.25	39	0	1	0	0	0.275906	1	0.45098	0	0.417986	0
370	34	6	258.75	39	0	1	0	0	0.185542	1	0.463346	0	0.438897	0
371	35	6	266.25	39	0	1	0	0	0.18696	1	0.469189	0	0.449442	0
372	36	6	273.75	39	0	1	1	0	0	1	0	0	0	0
373	37	6	281.25	39	0	1	1	0	0	1	0	0	0	0
374	38	6	288.75	39	0	1	1	0	0	1	0	0	0	0
375	39	6	296.25	39	0	1	1	0	0	1	0	0	0	0
376	40	6	303.75	39	0	1	1	0	0	1	0	0	0	0
377	41	6	311.25	39	0	1	1	0	0	1	0	0	0	0
378	42	6	318.75	39	0	1	1	0	0	1	0	0	0	0
379	43	6	326.25	39	0	1	1	0	0	1	0	0	0	0
380	44	6	333.75	39	0	1	1	0	0	1	0	0	0	0
381	45	6	341.25	39	0	1	1	0	0	1	0	0	0	0
382	46	6	348.75	39	0	1	1	0	0	1	0	0	0	0
383	47	6	356.25	39	0	1	1	0	0	1	0	0	0	0
384	0	7	3.75	45	0	1	1	1	0	0	0	0	0	0
385	1	7	11.25	45	0	1	1	1	0	0	0	0	0	0
386	2	7	18.75	45	0	1	1	1	0	0	0	0	0	0
387	3	7	26.25	45	0	1	1	1	0	0	0	0	0	0
388	4	7	33.75	45	0	1	1	1	0	0	0	0	0	0
389	5	7	41.25	45	0	1	1	1	0	0	0	0	0	0
390	6	7	48.75	45	0	1	1	1	0	0	0	0	0	0
391	7	7	56.25	45	0	1	1	1	0	0	0	0	0	0
392	8	7	63.75	45	0	1	1	1	0	0	0	0	0	0
393	9	7	71.25	45	0	1	1	1	0	0	0	0	0	0
394	10	7	78.75	45	0	1	1	1	0	0	0	0	0	0
395	11	7	86.25	45	0	1	1	1	0	0	0	0	0	0
396	12	7	93.75	45	0	1	0	1	0.171209	0	0	0.399358	0	0.332207
397	13	7	101.25	45	0	1	0	1	0.170058	0	0	0.393964	0	0.323675
398	14	7	108.75	45	0	1	0	1	0.16775	0	0	0.383606	0	0.306796
399	15	7	116.25	45	0	1	0	1	0.319706	0	0.347661	0.518326	0.119326	0.336246
400	16	7	123.75	45	0	1	0	1	0.390597	0	0.439879	0.559812	0.349949	0.449477
401	17	7	131.25	45	0	1	0	1	0.433205	0	0.496775	0.581567	0.491668	0.537075
402	18	7	138.75	45	0	1	0	1	0.459929	0	0.533748	0.591198	0.585007	0.602935
403	19	7	146.25	45	0	1	0	1	0.476143	0	0.559274	0.589771	0.648729	0.65295
404	20	7	153.75	45	0	1	0	1	0.483849	0	0.577015	0.576925	0.692603	0.692604
405	21	7	161.25	45	0	1	0	1	0.486162	0	0.588839	0.588801	0.722088	0.722089
406	22	7	168.75	45	0	1	0	1	0.485648	0	0.595829	0.596141	0.740324	0.740324
407	23	7	176.25	45	0	1	0	1	0.482141	0	0.599546	0.599526	0.749052	0.749051
408	24	7	183.75	45	0	1	0	0	0.482141	1	0.599526	0.599546	0.749052	0.749052
409	25	7	191.25	45	0	1	0	0	0.485648	1	0.596141	0.595829	0.740324	0.740324
410	26	7	198.75	45	0	1	0	0	0.486162	1	0.588801	0.588839	0.722088	0.722088
411	27	7	206.25	45	0	1	0	0	0.483849	1	0.576925	0.577015	0.692604	0.692603
412	28	7	213.75	45	0	1	0	0	0.476143	1	0.589771	0.559274	0.65295	0.648729
413	29	7	221.25	45	0	1	0	0	0.459929	1	0.591198	0.533748	0.602935	0.585007
414	30	7	228.75	45	0	1	0	0	0.433205	1	0.581567	0.496775	0.537075	0.491668
415	31	7	236.25	45	0	1	0	0	0.390597	1	0.559812	0.439879	0.449476	0.349948
416	32	7	243.75	45	0	1	0	0	0.319706	1	0.518326	0.347661	0.336246	0.119326
417	33	7	251.25	45	0	1	0	0	0.16775	1	0.383606	0	0.306796	0
418	34	7	258.75	45	0	1	0	0	0.170058	1	0.393964	0	0.323675	0
419	35	7	266.25	45	0	1	0	0	0.171209	1	0.399358	0	0.332208	0
420	36	7	273.75	45	0	1	1	0	0	1	0	0	0	0
421	37	7	281.25	45	0	1	1	0	0	1	0	0	0	0
422	38	7	288.75	45	0	1	1	0	0	1	0	0	0	0
423	39	7	296.25	45	0	1	1	0	0	1	0	0	0	0
424	40	7	303.75	45	0	1	1	0	0	1	0	0	0	0
425	41	7	311.25	45	0	1	1	0	0	1	0	0	0	0
426	42	7	318.75	45	0	1	1	0	0	1	0	0	0	0
427	43	7	326.25	45	0	1	1	0	0	1	0	0	0	0
428	44	7	333.75	45	0	1	1	0	0	1	0	0	0	0
429	45	7	341.25	45	0	1	1	0	0	1	0	0	0	0
430	46	7	348.75	45	0	1	1	0	0	1	0	0	0	0
431	47	7	356.25	45	0	1	1	0	0	1	0	0	0	0
432	0	8	5	51	0	1	1	1	0	0	0	0	0	0
433	1	8	15	51	0	1	1	1	0	0	0	0	0	0
434	2	8	25	51	0	1	1	1	0	0	0	0	0	0
435	3	8	35	51	0	1	1	1	0	0	0	0	0	0
436	4	8	45	51	0	1	1	1	0	0	0	0	0	0
437	5	8	55	51	0	1	1	1	0	0	0	0	0	0
438	6	8	65	51	0	1	1	1	0	0	0	0	0	0
439	7	8	75	51	0	1	1	1	0	0	0	0	0	0
440	8	8	85	51	0	1	1	1	0	0	0	0	0	0
441	9	8	95	51	0	1	0	1	0.157765	0	0	0.338582	0	0.237564
442	10	8	105	51	0	1	0	1	0.15593	0	0	0.331308	0	0.225604
443	11	8	115	51	0	1	0	1	0.15222	0	0	0.315031	0	0.202206
444	12	8	125	51	0	1	0	1	0.331468	0	0.36965	0.509109	0.173348	0.281544
445	13	8	135	51	0	1	0	1	0.391885	0	0.450711	0.538096	0.376733	0.413074
446	14	8	145	51	0	1	0	1	0.423915	0	0.498374	0.541733	0.496232	0.503393
447	15	8	155	51	0	1	0	1	0.436726	0	0.527489	0.527566	0.568754	0.568755
448	16	8	165	51	0	1	0	1	0.438996	0	0.544247	0.54432	0.610825	0.610825
449	17	8	175	51	0	1	0	1	0.434896	0	0.552083	0.552082	0.630258	0.630258
450	18	8	185	51	0	1	0	0	0.434896	1	0.552082	0.552083	0.630258	0.630258
451	19	8	195	51	0	1	0	0	0.438996	1	0.54432	0.544247	0.610825	0.610825
452	20	8	205	51	0	1	0	0	0.436726	1	0.527566	0.527489	0.568755	0.568755
453	21	8	215	51	0	1	0	0	0.423915	1	0.541733	0.498374	0.503393	0.496232
454	22	8	225	51	0	1	0	0	0.391885	1	0.538096	0.450711	0.413074	0.376733
455	23	8	235	51	0	1	0	0	0.331468	1	0.509109	0.36965	0.281544	0.173347
456	24	8	245	51	0	1	0	0	0.15222	1	0.315031	0	0.202206	0
457	25	8	255	51	0	1	0	0	0.15593	1	0.331308	0	0.225604	0
458	26	8	265	51	0	1	0	0	0.157765	1	0.338582	0	0.237564	0
459	27	8	275	51	0	1	1	0	0	1	0	0	0	0
460	28	8	285	51	0	1	1	0	0	1	0	0	0	0
461	29	8	295	51	0	1	1	0	0	1	0	0	0	0
462	30	8	305	51	0	1	1	0	0	1	0	0	0	0
463	31	8	315	51	0	1	1	0	0	1	0	0	0	0
464	32	8	325	51	0	1	1	0	0	1	0	0	0	0
465	33	8	335	51	0	1	1	0	0	1	0	0	0	0
466	34	8	345	51	0	1	1	0	0	1	0	0	0	0
467	35	8	355	51	0	1	1	0	0	1	0	0	0	0
468	0	9	5	57	0	1	1	1	0	0	0	0	0	0
469	1	9	15	57	0	1	1	1	0	0	0	0	0	0
470	2	9	25	57	0	1	1	1	0	0	0	0	0	0
471	3	9	35	57	0	1	1	1	0	0	0	0	0	0
472	4	9	45	57	0	1	1	1	0	0	0	0	0	0
473	5	9	55	57	0	1	1	1	0	0	0	0	0	0
474	6	9	65	57	0	1	1	1	0	0	0	0	0	0
475	7	9	75	57	0	1	1	1	0	0	0	0	0	0
476	8	9	85	57	0	1	1	1	0	0	0	0	0	0
477	9	9	95	57	0	1	0	1	0.145125	0	0	0.284266	0	0.160713
478	10	9	105	57	0	1	0	1	0.143428	0	0	0.277008	0	0.151482
479	11	9	115	57	0	1	0	1	0.139966	0	0	0.262064	0	0.1335
480	12	9	125	57	0	1	0	1	0.145031	0	0	0.238879	0	0.107785
481	13	9	135	57	0	1	0	1	0.31888	0	0.364573	0.473091	0.160981	0.206297
482	14	9	145	57	0	1	0	1	0.358821	0	0.423828	0.477639	0.30999	0.31892
483	15	9	155	57	0	1	0	1	0.374795	0	0.460175	0.460445	0.400424	0.400423
484	16	9	165	57	0	1	0	1	0.377626	0	0.481151	0.481019	0.452883	0.452883
485	17	9	175	57	0	1	0	1	0.372513	0	0.490987	0.491099	0.477114	0.477115
486	18	9	185	57	0	1	0	0	0.372513	1	0.491099	0.490987	0.477115	0.477115
487	19	9	195	57	0	1	0	0	0.377626	1	0.481019	0.481151	0.452883	0.452883
488	20	9	205	57	0	1	0	0	0.374795	1	0.460445	0.460175	0.400423	0.400423
489	21	9	215	57	0	1	0	0	0.358821	1	0.477639	0.423828	0.318921	0.30999
490	22	9	225	57	0	1	0	0	0.31888	1	0.473091	0.364573	0.206297	0.16098
491	23	9	235	57	0	1	0	0	0.145031	1	0.238879	0	0.107785	0
492	24	9	245	57	0	1	0	0	0.139966	1	0.262064	0	0.1335	0
493	25	9	255	57	0	1	0	0	0.143428	1	0.277008	0	0.151482	0
494	26	9	265	57	0	1	0	0	0.145125	1	0.284266	0	0.160713	0
495	27	9	275	57	0	1	1	0	0	1	0	0	0	0
496	28	9	285	57	0	1	1	0	0	1	0	0	0	0
497	29	9	295	57	0	1	1	0	0	1	0	0	0	0
498	30	9	305	57	0	1	1	0	0	1	0	0	0	0
499	31	9	315	57	0	1	1	0	0	1	0	0	0	0
500	32	9	325	57	0	1	1	0	0	1	0	0	0	0
501	33	9	335	57	0	1	1	0	0	1	0	0	0	0
502	34	9	345	57	0	1	1	0	0	1	0	0	0	0
503	35	9	355	57	0	1	1	0	0	1	0	0	0	0
504	0	10	7.5	63	0	1	1	1	0	0	0	0	0	0
505	1	10	22.5	63	0	1	1	1	0	0	0	0	0	0
506	2	10	37.5	63	0	1	1	1	0	0	0	0	0	0
507	3	10	52.5	63	0	1	1	1	0	0	0	0	0	0
508	4	10	67.5	63	0	1	1	1	0	0	0	0	0	0
509	5	10	82.5	63	0	1	1	1	0	0	0	0	0	0
510	6	10	97.5	63	0	1	0	1	0.131796	0	0	0.227154	0	0.095905
511	7	10	112.5	63	0	1	0	1	0.128047	0	0	0.211217	0	0.0809916
512	8	10	127.5	63	0	1	0	1	0.119893	0	0	0.177243	0	0.0536398
513	9	10	142.5	63	0	1	0	1	0.258989	0	0.304836	0.391118	0.012847	0.031991
514	10	10	157.5	63	0	1	0	1	0.290763	0	0.375035	0.375079	0.187686	0.187685
515	11	10	172.5	63	0	1	0	1	0.288668	0	0.404079	0.404155	0.260106	0.260107
516	12	10	187.5	63	0	1	0	0	0.288668	1	0.404155	0.404079	0.260107	0.260107
517	13	10	202.5	63	0	1	0	0	0.290763	1	0.375079	0.375035	0.187686	0.187686
518	14	10	217.5	63	0	1	0	0	0.258989	1	0.391118	0.304836	0.0319921	0.012847
519	15	10	232.5	63	0	1	0	0	0.119893	1	0.177243	0	0.0536401	0
520	16	10	247.5	63	0	1	0	0	0.128047	1	0.211217	0	0.0809917	0
521	17	10	262.5	63	0	1	0	0	0.131796	1	0.227154	0	0.0959051	0
522	18	10	277.5	63	0	1	1	0	0	1	0	0	0	0
523	19	10	292.5	63	0	1	1	0	0	1	0	0	0	0
524	20	10	307.5	63	0	1	1	0	0	1	0	0	0	0
525	21	10	322.5	63	0	1	1	0	0	1	0	0	0	0
526	22	10	337.5	63	0	1	1	0	0	1	0	0	0	0
527	23	10	352.5	63	0	1	1	0	0	1	0	0	0	0
528	0	11	7.5	69	0	1	1	1	0	0	0	0	0	0
529	1	11	22.5	69	0	1	1	1	0	0	0	0	0	0
530	2	11	37.5	69	0	1	1	1	0	0	0	0	0	0
531	3	11	52.5	69	0	1	1	1	0	0	0	0	0	0
532	4	11	67.5	69	0	1	1	1	0	0	0	0	0	0
533	5	11	82.5	69	0	1	1	1	0	0	0	0	0	0
534	6	11	97.5	69	0	1	0	1	0.11661	0	0	0.16329	0	0.0445272
535	7	11	112.5	69	0	1	0	1	0.112703	0	0	0.147374	0	0.0350276
536	8	11	127.5	69	0	1	0	1	0.103949	0	0	0.111652	0	0.0186128
537	9	11	142.5	69	0	1	0	1	0.0871457	0	0	0.0441391	0	0.00249364
538	10	11	157.5	69	0	1	0	1	0.0557755	0	0	0	0	0
539	11	11	172.5	69	0	1	0	1	0.0783777	0	0	0	0	0
540	12	11	187.5	69	0	1	0	0	0.0783777	1	0	0	0	0
541	13	11	202.5	69	0	1	0	0	0.0557755	1	0	0	0	0
542	14	11	217.5	69	0	1	0	0	0.0871457	1	0.0441391	0	0.00249366	0
543	15	11	232.5	69	0	1	0	0	0.103949	1	0.111652	0	0.0186128	0
544	16	11	247.5	69	0	1	0	0	0.112703	1	0.147374	0	0.0350277	0
545	17	11	262.5	69	0	1	0	0	0.11661	1	0.16329	0	0.0445273	0
546	18	11	277.5	69	0	1	1	0	0	1	0	0	0	0
547	19	11	292.5	69	0	1	1	0	0	1	0	0	0	0
548	20	11	307.5	69	0	1	1	0	0	1	0	0	0	0
549	21	11	322.5	69	0	1	1	0	0	1	0	0	0	0
550	22	11	337.5	69	0	1	1	0	0	1	0	0	0	0
551	23	11	352.5	69	0	1	1	0	0	1	0	0	0	0
552	0	12	15	75	0	1	1	1	0	0	0	0	0	0
553	1	12	45	75	0	1	1	1	0	0	0	0	0	0
554	2	12	75	75	0	1	1	1	0	0	0	0	0	0
555	3	12	105	75	0	1	0	1	0.0939189	0	0	0.0712098	0	0.00690816
556	4	12	135	75	0	1	0	1	0.0719389	0	0	0	0	0
557	5	12	165	75	0	1	0	1	0.0263315	0	0	0	0	0
558	6	12	195	75	0	1	0	0	0.0263315	1	0	0	0	0
559	7	12	225	75	0	1	0	0	0.0719389	1	0	0	0	0
560	8	12	255	75	0	1	0	0	0.0939189	1	0.0712098	0	0.00690838	0
561	9	12	285	75	0	1	1	0	0	1	0	0	0	0
562	10	12	315	75	0	1	1	0	0	1	0	0	0	0
563	11	12	345	75	0	1	1	0	0	1	0	0	0	0
564	0	13	15	81	0	1	1	1	0	0	0	0	0	0
565	1	13	45	81	0	1	1	1	0	0	0	0	0	0
566	2	13	75	81	0	1	1	1	0	0	0	0	0	0
567	3	13	105	81	0	1	0	1	0.0580877	0	0	0	0	0
568	4	13	135	81	0	1	0	1	0.042523	0	0	0	0	0
569	5	13	165	81	0	1	0	1	0.0155646	0	0	0	0	0
570	6	13	195	81	0	1	0	0	0.0155646	1	0	0	0	0
571	7	13	225	81	0	1	0	0	0.042523	1	0	0	0	0
572	8	13	255	81	0	1	0	0	0.0580877	1	0	0	0	0
573	9	13	285	81	0	1	1	0	0	1	0	0	0	0
574	10	13	315	81	0	1	1	0	0	1	0	0	0	0
575	11	13	345	81	0	1	1	0	0	1	0	0	0	0
576	0	14	45	87	0	1	1	1	0	0	0	0	0	0
577	1	14	135	87	0	1	0	1	0.0140706	0	0	0	0	0
578	2	14	225	87	0	1	0	0	0.0140706	1	0	0	0	0
579	3	14	315	87	0	1	1	0	0	1	0	0	0	0
